time,status_info.fs_state,status_info.fs_free_blocks,status_info.rec_state,status_info.rec_id,status_info.rec_nbr_bytes,status_info.play_state,status_info.play_id,status_info.play_nbr_bytes_left,sequence_counter,packet_size
23111116944,2.000000000e+00,2.044000000e+03,0.000000000e+00,0.000000000e+00,5.372068970e+08,0.000000000e+00,0.000000000e+00,0.000000000e+00,4.00,1
23111182482,2.000000000e+00,2.044000000e+03,0.000000000e+00,0.000000000e+00,2.948900000e+04,0.000000000e+00,0.000000000e+00,0.000000000e+00,5.00,1
23111248018,2.000000000e+00,2.044000000e+03,0.000000000e+00,0.000000000e+00,2.948900000e+04,0.000000000e+00,0.000000000e+00,0.000000000e+00,6.00,1
23111313553,2.000000000e+00,2.044000000e+03,0.000000000e+00,0.000000000e+00,2.948900000e+04,0.000000000e+00,0.000000000e+00,0.000000000e+00,7.00,1
23111379153,2.000000000e+00,2.044000000e+03,0.000000000e+00,0.000000000e+00,2.948900000e+04,0.000000000e+00,0.000000000e+00,0.000000000e+00,8.00,1
23111444740,2.000000000e+00,2.044000000e+03,0.000000000e+00,0.000000000e+00,2.948900000e+04,0.000000000e+00,0.000000000e+00,0.000000000e+00,9.00,1
23111510353,2.000000000e+00,2.044000000e+03,0.000000000e+00,0.000000000e+00,2.948900000e+04,0.000000000e+00,0.000000000e+00,0.000000000e+00,10.00,1
23111575889,2.000000000e+00,2.044000000e+03,0.000000000e+00,0.000000000e+00,2.948900000e+04,0.000000000e+00,0.000000000e+00,0.000000000e+00,11.00,1
23111641424,2.000000000e+00,2.044000000e+03,0.000000000e+00,0.000000000e+00,2.948900000e+04,0.000000000e+00,0.000000000e+00,0.000000000e+00,12.00,1
23111707025,2.000000000e+00,2.044000000e+03,0.000000000e+00,0.000000000e+00,2.948900000e+04,0.000000000e+00,0.000000000e+00,0.000000000e+00,13.00,1
23111772561,2.000000000e+00,2.044000000e+03,0.000000000e+00,0.000000000e+00,2.948900000e+04,0.000000000e+00,0.000000000e+00,0.000000000e+00,14.00,1
23111838098,2.000000000e+00,2.044000000e+03,0.000000000e+00,0.000000000e+00,2.948900000e+04,0.000000000e+00,0.000000000e+00,0.000000000e+00,15.00,1
23111903632,2.000000000e+00,2.044000000e+03,0.000000000e+00,0.000000000e+00,2.948900000e+04,0.000000000e+00,0.000000000e+00,0.000000000e+00,16.00,1
23111969170,2.000000000e+00,2.044000000e+03,0.000000000e+00,0.000000000e+00,2.948900000e+04,0.000000000e+00,0.000000000e+00,0.000000000e+00,17.00,1
23112034770,2.000000000e+00,2.044000000e+03,0.000000000e+00,0.000000000e+00,2.948900000e+04,0.000000000e+00,0.000000000e+00,0.000000000e+00,18.00,1
23112100309,2.000000000e+00,2.044000000e+03,0.000000000e+00,0.000000000e+00,2.948900000e+04,0.000000000e+00,0.000000000e+00,0.000000000e+00,19.00,1
23112165840,2.000000000e+00,2.044000000e+03,0.000000000e+00,0.000000000e+00,2.948900000e+04,0.000000000e+00,0.000000000e+00,0.000000000e+00,20.00,1
23112231378,2.000000000e+00,2.044000000e+03,0.000000000e+00,0.000000000e+00,2.948900000e+04,0.000000000e+00,0.000000000e+00,0.000000000e+00,21.00,1
23112296914,2.000000000e+00,2.044000000e+03,0.000000000e+00,0.000000000e+00,2.948900000e+04,0.000000000e+00,0.000000000e+00,0.000000000e+00,22.00,1
23112362449,2.000000000e+00,2.044000000e+03,0.000000000e+00,0.000000000e+00,2.948900000e+04,0.000000000e+00,0.000000000e+00,0.000000000e+00,23.00,1
23112427985,2.000000000e+00,2.044000000e+03,0.000000000e+00,0.000000000e+00,2.948900000e+04,0.000000000e+00,0.000000000e+00,0.000000000e+00,24.00,1
23112493642,2.000000000e+00,2.044000000e+03,0.000000000e+00,0.000000000e+00,2.948900000e+04,0.000000000e+00,0.000000000e+00,0.000000000e+00,25.00,1
23112559186,2.000000000e+00,2.044000000e+03,0.000000000e+00,0.000000000e+00,2.948900000e+04,0.000000000e+00,0.000000000e+00,0.000000000e+00,26.00,1
23112624721,2.000000000e+00,2.044000000e+03,0.000000000e+00,0.000000000e+00,2.948900000e+04,0.000000000e+00,0.000000000e+00,0.000000000e+00,27.00,1
23112690258,2.000000000e+00,2.044000000e+03,0.000000000e+00,0.000000000e+00,2.948900000e+04,0.000000000e+00,0.000000000e+00,0.000000000e+00,28.00,1
23112755793,2.000000000e+00,2.044000000e+03,0.000000000e+00,0.000000000e+00,2.948900000e+04,0.000000000e+00,0.000000000e+00,0.000000000e+00,29.00,1
23112821330,2.000000000e+00,2.044000000e+03,0.000000000e+00,0.000000000e+00,2.948900000e+04,0.000000000e+00,0.000000000e+00,0.000000000e+00,30.00,1
23112886929,2.000000000e+00,2.044000000e+03,0.000000000e+00,0.000000000e+00,2.948900000e+04,0.000000000e+00,0.000000000e+00,0.000000000e+00,31.00,1
23112952465,2.000000000e+00,2.044000000e+03,0.000000000e+00,0.000000000e+00,2.948900000e+04,0.000000000e+00,0.000000000e+00,0.000000000e+00,32.00,1
23113018001,2.000000000e+00,2.044000000e+03,0.000000000e+00,0.000000000e+00,2.948900000e+04,0.000000000e+00,0.000000000e+00,0.000000000e+00,33.00,1
23113083672,2.000000000e+00,2.044000000e+03,0.000000000e+00,0.000000000e+00,2.948900000e+04,0.000000000e+00,0.000000000e+00,0.000000000e+00,34.00,1
23113149201,2.000000000e+00,2.044000000e+03,0.000000000e+00,0.000000000e+00,2.948900000e+04,0.000000000e+00,0.000000000e+00,0.000000000e+00,35.00,1
23113214737,2.000000000e+00,2.044000000e+03,0.000000000e+00,0.000000000e+00,2.948900000e+04,0.000000000e+00,0.000000000e+00,0.000000000e+00,36.00,1
23113280274,2.000000000e+00,2.044000000e+03,0.000000000e+00,0.000000000e+00,2.948900000e+04,0.000000000e+00,0.000000000e+00,0.000000000e+00,37.00,1
23113345807,2.000000000e+00,2.044000000e+03,0.000000000e+00,0.000000000e+00,2.948900000e+04,0.000000000e+00,0.000000000e+00,0.000000000e+00,38.00,1
23113411346,2.000000000e+00,2.044000000e+03,0.000000000e+00,0.000000000e+00,2.948900000e+04,0.000000000e+00,0.000000000e+00,0.000000000e+00,39.00,1
23113476881,2.000000000e+00,2.044000000e+03,0.000000000e+00,0.000000000e+00,2.948900000e+04,0.000000000e+00,0.000000000e+00,0.000000000e+00,40.00,1
23113542500,2.000000000e+00,2.044000000e+03,0.000000000e+00,0.000000000e+00,2.948900000e+04,0.000000000e+00,0.000000000e+00,0.000000000e+00,41.00,1
23113608127,2.000000000e+00,2.044000000e+03,0.000000000e+00,0.000000000e+00,2.948900000e+04,0.000000000e+00,0.000000000e+00,0.000000000e+00,42.00,1
23113673616,2.000000000e+00,2.044000000e+03,0.000000000e+00,0.000000000e+00,2.948900000e+04,0.000000000e+00,0.000000000e+00,0.000000000e+00,43.00,1
23113739154,2.000000000e+00,2.044000000e+03,0.000000000e+00,0.000000000e+00,2.948900000e+04,0.000000000e+00,0.000000000e+00,0.000000000e+00,44.00,1
23113804753,2.000000000e+00,2.044000000e+03,0.000000000e+00,0.000000000e+00,2.948900000e+04,0.000000000e+00,0.000000000e+00,0.000000000e+00,45.00,1
23113870289,2.000000000e+00,2.044000000e+03,0.000000000e+00,0.000000000e+00,2.948900000e+04,0.000000000e+00,0.000000000e+00,0.000000000e+00,46.00,1
23113935825,2.000000000e+00,2.044000000e+03,0.000000000e+00,0.000000000e+00,2.948900000e+04,0.000000000e+00,0.000000000e+00,0.000000000e+00,47.00,1
23114001362,2.000000000e+00,2.044000000e+03,0.000000000e+00,0.000000000e+00,2.948900000e+04,0.000000000e+00,0.000000000e+00,0.000000000e+00,48.00,1
23114066896,2.000000000e+00,2.044000000e+03,0.000000000e+00,0.000000000e+00,2.948900000e+04,0.000000000e+00,0.000000000e+00,0.000000000e+00,49.00,1
23114132434,2.000000000e+00,2.044000000e+03,0.000000000e+00,0.000000000e+00,2.948900000e+04,0.000000000e+00,0.000000000e+00,0.000000000e+00,50.00,1
23114197968,2.000000000e+00,2.044000000e+03,0.000000000e+00,0.000000000e+00,2.948900000e+04,0.000000000e+00,0.000000000e+00,0.000000000e+00,51.00,1
23114263506,2.000000000e+00,2.044000000e+03,0.000000000e+00,0.000000000e+00,2.948900000e+04,0.000000000e+00,0.000000000e+00,0.000000000e+00,52.00,1
23114329040,2.000000000e+00,2.044000000e+03,0.000000000e+00,0.000000000e+00,2.948900000e+04,0.000000000e+00,0.000000000e+00,0.000000000e+00,53.00,1
23114394770,2.000000000e+00,2.044000000e+03,0.000000000e+00,0.000000000e+00,2.948900000e+04,0.000000000e+00,0.000000000e+00,0.000000000e+00,54.00,1
23114460305,2.000000000e+00,2.044000000e+03,0.000000000e+00,0.000000000e+00,2.948900000e+04,0.000000000e+00,0.000000000e+00,0.000000000e+00,55.00,1
23114525841,2.000000000e+00,2.044000000e+03,0.000000000e+00,0.000000000e+00,2.948900000e+04,0.000000000e+00,0.000000000e+00,0.000000000e+00,56.00,1
23114591501,2.000000000e+00,2.044000000e+03,0.000000000e+00,0.000000000e+00,2.948900000e+04,0.000000000e+00,0.000000000e+00,0.000000000e+00,57.00,1
23114657040,2.000000000e+00,2.044000000e+03,0.000000000e+00,0.000000000e+00,2.948900000e+04,0.000000000e+00,0.000000000e+00,0.000000000e+00,58.00,1
23114722577,2.000000000e+00,2.044000000e+03,0.000000000e+00,0.000000000e+00,2.948900000e+04,0.000000000e+00,0.000000000e+00,0.000000000e+00,59.00,1
23114788114,2.000000000e+00,2.044000000e+03,0.000000000e+00,0.000000000e+00,2.948900000e+04,0.000000000e+00,0.000000000e+00,0.000000000e+00,60.00,1
23114853650,2.000000000e+00,2.044000000e+03,0.000000000e+00,0.000000000e+00,2.948900000e+04,0.000000000e+00,0.000000000e+00,0.000000000e+00,61.00,1
23114919185,2.000000000e+00,2.044000000e+03,0.000000000e+00,0.000000000e+00,2.948900000e+04,0.000000000e+00,0.000000000e+00,0.000000000e+00,62.00,1
23114984720,2.000000000e+00,2.044000000e+03,0.000000000e+00,0.000000000e+00,2.948900000e+04,0.000000000e+00,0.000000000e+00,0.000000000e+00,63.00,1
23115050286,2.000000000e+00,2.044000000e+03,0.000000000e+00,0.000000000e+00,2.948900000e+04,0.000000000e+00,0.000000000e+00,0.000000000e+00,64.00,1
23115115890,2.000000000e+00,2.044000000e+03,0.000000000e+00,0.000000000e+00,2.948900000e+04,0.000000000e+00,0.000000000e+00,0.000000000e+00,65.00,1
23115181394,2.000000000e+00,2.044000000e+03,0.000000000e+00,0.000000000e+00,2.948900000e+04,0.000000000e+00,0.000000000e+00,0.000000000e+00,66.00,1
23115246929,2.000000000e+00,2.044000000e+03,0.000000000e+00,0.000000000e+00,2.948900000e+04,0.000000000e+00,0.000000000e+00,0.000000000e+00,67.00,1
23115312530,2.000000000e+00,2.044000000e+03,0.000000000e+00,0.000000000e+00,2.948900000e+04,0.000000000e+00,0.000000000e+00,0.000000000e+00,68.00,1
23115378064,2.000000000e+00,2.044000000e+03,0.000000000e+00,0.000000000e+00,2.948900000e+04,0.000000000e+00,0.000000000e+00,0.000000000e+00,69.00,1
23115443602,2.000000000e+00,2.044000000e+03,0.000000000e+00,0.000000000e+00,2.948900000e+04,0.000000000e+00,0.000000000e+00,0.000000000e+00,70.00,1
23115509158,2.000000000e+00,2.044000000e+03,0.000000000e+00,0.000000000e+00,2.948900000e+04,0.000000000e+00,0.000000000e+00,0.000000000e+00,71.00,1
23115574672,2.000000000e+00,2.044000000e+03,0.000000000e+00,0.000000000e+00,2.948900000e+04,0.000000000e+00,0.000000000e+00,0.000000000e+00,72.00,1
23115640237,2.000000000e+00,2.044000000e+03,0.000000000e+00,0.000000000e+00,2.948900000e+04,0.000000000e+00,0.000000000e+00,0.000000000e+00,73.00,1
23115705745,2.000000000e+00,2.044000000e+03,0.000000000e+00,0.000000000e+00,2.948900000e+04,0.000000000e+00,0.000000000e+00,0.000000000e+00,74.00,1
23115771281,2.000000000e+00,2.044000000e+03,0.000000000e+00,0.000000000e+00,2.948900000e+04,0.000000000e+00,0.000000000e+00,0.000000000e+00,75.00,1
23115836817,2.000000000e+00,2.044000000e+03,0.000000000e+00,0.000000000e+00,2.948900000e+04,0.000000000e+00,0.000000000e+00,0.000000000e+00,76.00,1
23115902354,2.000000000e+00,2.044000000e+03,0.000000000e+00,0.000000000e+00,2.948900000e+04,0.000000000e+00,0.000000000e+00,0.000000000e+00,77.00,1
23115967889,2.000000000e+00,2.044000000e+03,0.000000000e+00,0.000000000e+00,2.948900000e+04,0.000000000e+00,0.000000000e+00,0.000000000e+00,78.00,1
23116033424,2.000000000e+00,2.044000000e+03,0.000000000e+00,0.000000000e+00,2.948900000e+04,0.000000000e+00,0.000000000e+00,0.000000000e+00,79.00,1
23116099006,2.000000000e+00,2.044000000e+03,0.000000000e+00,0.000000000e+00,2.948900000e+04,0.000000000e+00,0.000000000e+00,0.000000000e+00,80.00,1
23116164562,2.000000000e+00,2.044000000e+03,0.000000000e+00,0.000000000e+00,2.948900000e+04,0.000000000e+00,0.000000000e+00,0.000000000e+00,81.00,1
23116230097,2.000000000e+00,2.044000000e+03,0.000000000e+00,0.000000000e+00,2.948900000e+04,0.000000000e+00,0.000000000e+00,0.000000000e+00,82.00,1
23116295633,2.000000000e+00,2.044000000e+03,0.000000000e+00,0.000000000e+00,2.948900000e+04,0.000000000e+00,0.000000000e+00,0.000000000e+00,83.00,1
23116361234,2.000000000e+00,2.044000000e+03,0.000000000e+00,0.000000000e+00,2.948900000e+04,0.000000000e+00,0.000000000e+00,0.000000000e+00,84.00,1
23116426838,2.000000000e+00,2.044000000e+03,0.000000000e+00,0.000000000e+00,2.948900000e+04,0.000000000e+00,0.000000000e+00,0.000000000e+00,85.00,1
23116492369,2.000000000e+00,2.044000000e+03,0.000000000e+00,0.000000000e+00,2.948900000e+04,0.000000000e+00,0.000000000e+00,0.000000000e+00,86.00,1
23116557998,2.000000000e+00,2.044000000e+03,0.000000000e+00,0.000000000e+00,2.948900000e+04,0.000000000e+00,0.000000000e+00,0.000000000e+00,87.00,1
23116623506,2.000000000e+00,2.044000000e+03,0.000000000e+00,0.000000000e+00,2.948900000e+04,0.000000000e+00,0.000000000e+00,0.000000000e+00,88.00,1
23116689041,2.000000000e+00,2.044000000e+03,0.000000000e+00,0.000000000e+00,2.948900000e+04,0.000000000e+00,0.000000000e+00,0.000000000e+00,89.00,1
23116754577,2.000000000e+00,2.044000000e+03,0.000000000e+00,0.000000000e+00,2.948900000e+04,0.000000000e+00,0.000000000e+00,0.000000000e+00,90.00,1
23116820113,2.000000000e+00,2.044000000e+03,0.000000000e+00,0.000000000e+00,2.948900000e+04,0.000000000e+00,0.000000000e+00,0.000000000e+00,91.00,1
23116885698,2.000000000e+00,2.044000000e+03,0.000000000e+00,0.000000000e+00,2.948900000e+04,0.000000000e+00,0.000000000e+00,0.000000000e+00,92.00,1
23116951250,2.000000000e+00,2.044000000e+03,0.000000000e+00,0.000000000e+00,2.948900000e+04,0.000000000e+00,0.000000000e+00,0.000000000e+00,93.00,1
23117016786,2.000000000e+00,2.044000000e+03,0.000000000e+00,0.000000000e+00,2.948900000e+04,0.000000000e+00,0.000000000e+00,0.000000000e+00,94.00,1
23117082320,2.000000000e+00,2.044000000e+03,0.000000000e+00,0.000000000e+00,2.948900000e+04,0.000000000e+00,0.000000000e+00,0.000000000e+00,95.00,1
23117147876,2.000000000e+00,2.044000000e+03,0.000000000e+00,0.000000000e+00,2.948900000e+04,0.000000000e+00,0.000000000e+00,0.000000000e+00,96.00,1
23117213394,2.000000000e+00,2.044000000e+03,0.000000000e+00,0.000000000e+00,2.948900000e+04,0.000000000e+00,0.000000000e+00,0.000000000e+00,97.00,1
23117278930,2.000000000e+00,2.044000000e+03,0.000000000e+00,0.000000000e+00,2.948900000e+04,0.000000000e+00,0.000000000e+00,0.000000000e+00,98.00,1
23117344464,2.000000000e+00,2.044000000e+03,0.000000000e+00,0.000000000e+00,2.948900000e+04,0.000000000e+00,0.000000000e+00,0.000000000e+00,99.00,1
23117410002,2.000000000e+00,2.044000000e+03,0.000000000e+00,0.000000000e+00,2.948900000e+04,0.000000000e+00,0.000000000e+00,0.000000000e+00,100.00,1
23117475547,2.000000000e+00,2.044000000e+03,0.000000000e+00,0.000000000e+00,2.948900000e+04,0.000000000e+00,0.000000000e+00,0.000000000e+00,101.00,1
23117541074,2.000000000e+00,2.044000000e+03,0.000000000e+00,0.000000000e+00,2.948900000e+04,0.000000000e+00,0.000000000e+00,0.000000000e+00,102.00,1
23117606674,2.000000000e+00,2.044000000e+03,0.000000000e+00,0.000000000e+00,2.948900000e+04,0.000000000e+00,0.000000000e+00,0.000000000e+00,103.00,1
23117672210,2.000000000e+00,2.044000000e+03,0.000000000e+00,0.000000000e+00,2.948900000e+04,0.000000000e+00,0.000000000e+00,0.000000000e+00,104.00,1
23117737759,2.000000000e+00,2.044000000e+03,0.000000000e+00,0.000000000e+00,2.948900000e+04,0.000000000e+00,0.000000000e+00,0.000000000e+00,105.00,1
23117803281,2.000000000e+00,2.044000000e+03,0.000000000e+00,0.000000000e+00,2.948900000e+04,0.000000000e+00,0.000000000e+00,0.000000000e+00,106.00,1
23117868818,2.000000000e+00,2.044000000e+03,0.000000000e+00,0.000000000e+00,2.948900000e+04,0.000000000e+00,0.000000000e+00,0.000000000e+00,107.00,1
23117934353,2.000000000e+00,2.044000000e+03,0.000000000e+00,0.000000000e+00,2.948900000e+04,0.000000000e+00,0.000000000e+00,0.000000000e+00,108.00,1
23117999890,2.000000000e+00,2.044000000e+03,0.000000000e+00,0.000000000e+00,2.948900000e+04,0.000000000e+00,0.000000000e+00,0.000000000e+00,109.00,1
23118065424,2.000000000e+00,2.044000000e+03,0.000000000e+00,0.000000000e+00,2.948900000e+04,0.000000000e+00,0.000000000e+00,0.000000000e+00,110.00,1
23118130960,2.000000000e+00,2.044000000e+03,0.000000000e+00,0.000000000e+00,2.948900000e+04,0.000000000e+00,0.000000000e+00,0.000000000e+00,111.00,1
23118196497,2.000000000e+00,2.044000000e+03,0.000000000e+00,0.000000000e+00,2.948900000e+04,0.000000000e+00,0.000000000e+00,0.000000000e+00,112.00,1
23118262034,2.000000000e+00,2.044000000e+03,0.000000000e+00,0.000000000e+00,2.948900000e+04,0.000000000e+00,0.000000000e+00,0.000000000e+00,113.00,1
23118327641,2.000000000e+00,2.044000000e+03,0.000000000e+00,0.000000000e+00,2.948900000e+04,0.000000000e+00,0.000000000e+00,0.000000000e+00,114.00,1
23118393168,2.000000000e+00,2.044000000e+03,0.000000000e+00,0.000000000e+00,2.948900000e+04,0.000000000e+00,0.000000000e+00,0.000000000e+00,115.00,1
23118458704,2.000000000e+00,2.044000000e+03,0.000000000e+00,0.000000000e+00,2.948900000e+04,0.000000000e+00,0.000000000e+00,0.000000000e+00,116.00,1
23118524241,2.000000000e+00,2.044000000e+03,0.000000000e+00,0.000000000e+00,2.948900000e+04,0.000000000e+00,0.000000000e+00,0.000000000e+00,117.00,1
23118589778,2.000000000e+00,2.044000000e+03,0.000000000e+00,0.000000000e+00,2.948900000e+04,0.000000000e+00,0.000000000e+00,0.000000000e+00,118.00,1
23118655349,2.000000000e+00,2.044000000e+03,0.000000000e+00,0.000000000e+00,2.948900000e+04,0.000000000e+00,0.000000000e+00,0.000000000e+00,119.00,1
23118720850,2.000000000e+00,2.044000000e+03,0.000000000e+00,0.000000000e+00,2.948900000e+04,0.000000000e+00,0.000000000e+00,0.000000000e+00,120.00,1
23118786386,2.000000000e+00,2.044000000e+03,0.000000000e+00,0.000000000e+00,2.948900000e+04,0.000000000e+00,0.000000000e+00,0.000000000e+00,121.00,1
23118851921,2.000000000e+00,2.044000000e+03,0.000000000e+00,0.000000000e+00,2.948900000e+04,0.000000000e+00,0.000000000e+00,0.000000000e+00,122.00,1
23118917458,2.000000000e+00,2.044000000e+03,0.000000000e+00,0.000000000e+00,2.948900000e+04,0.000000000e+00,0.000000000e+00,0.000000000e+00,123.00,1
23118982994,2.000000000e+00,2.044000000e+03,0.000000000e+00,0.000000000e+00,2.948900000e+04,0.000000000e+00,0.000000000e+00,0.000000000e+00,124.00,1
23119048530,2.000000000e+00,2.044000000e+03,0.000000000e+00,0.000000000e+00,2.948900000e+04,0.000000000e+00,0.000000000e+00,0.000000000e+00,125.00,1
23119114136,2.000000000e+00,2.044000000e+03,0.000000000e+00,0.000000000e+00,2.948900000e+04,0.000000000e+00,0.000000000e+00,0.000000000e+00,126.00,1
23119179664,2.000000000e+00,2.044000000e+03,0.000000000e+00,0.000000000e+00,2.948900000e+04,0.000000000e+00,0.000000000e+00,0.000000000e+00,127.00,1
23119245200,2.000000000e+00,2.044000000e+03,0.000000000e+00,0.000000000e+00,2.948900000e+04,0.000000000e+00,0.000000000e+00,0.000000000e+00,128.00,1
23119310751,2.000000000e+00,2.044000000e+03,0.000000000e+00,0.000000000e+00,2.948900000e+04,0.000000000e+00,0.000000000e+00,0.000000000e+00,129.00,1
23119376274,2.000000000e+00,2.044000000e+03,0.000000000e+00,0.000000000e+00,2.948900000e+04,0.000000000e+00,0.000000000e+00,0.000000000e+00,130.00,1
23119441938,2.000000000e+00,2.044000000e+03,0.000000000e+00,0.000000000e+00,2.948900000e+04,0.000000000e+00,0.000000000e+00,0.000000000e+00,131.00,1
23119507474,2.000000000e+00,2.044000000e+03,0.000000000e+00,0.000000000e+00,2.948900000e+04,0.000000000e+00,0.000000000e+00,0.000000000e+00,132.00,1
23119573009,2.000000000e+00,2.044000000e+03,0.000000000e+00,0.000000000e+00,2.948900000e+04,0.000000000e+00,0.000000000e+00,0.000000000e+00,133.00,1
23119638544,2.000000000e+00,2.044000000e+03,0.000000000e+00,0.000000000e+00,2.948900000e+04,0.000000000e+00,0.000000000e+00,0.000000000e+00,134.00,1
23119704081,2.000000000e+00,2.044000000e+03,0.000000000e+00,0.000000000e+00,2.948900000e+04,0.000000000e+00,0.000000000e+00,0.000000000e+00,135.00,1
23119769618,2.000000000e+00,2.044000000e+03,0.000000000e+00,0.000000000e+00,2.948900000e+04,0.000000000e+00,0.000000000e+00,0.000000000e+00,136.00,1
23119835152,2.000000000e+00,2.044000000e+03,0.000000000e+00,0.000000000e+00,2.948900000e+04,0.000000000e+00,0.000000000e+00,0.000000000e+00,137.00,1
23119900690,2.000000000e+00,2.044000000e+03,0.000000000e+00,0.000000000e+00,2.948900000e+04,0.000000000e+00,0.000000000e+00,0.000000000e+00,138.00,1
23119966226,2.000000000e+00,2.044000000e+03,0.000000000e+00,0.000000000e+00,2.948900000e+04,0.000000000e+00,0.000000000e+00,0.000000000e+00,139.00,1
23120031762,2.000000000e+00,2.044000000e+03,0.000000000e+00,0.000000000e+00,2.948900000e+04,0.000000000e+00,0.000000000e+00,0.000000000e+00,140.00,1
23120097298,2.000000000e+00,2.044000000e+03,0.000000000e+00,0.000000000e+00,2.948900000e+04,0.000000000e+00,0.000000000e+00,0.000000000e+00,141.00,1
23120162834,2.000000000e+00,2.044000000e+03,0.000000000e+00,0.000000000e+00,2.948900000e+04,0.000000000e+00,0.000000000e+00,0.000000000e+00,142.00,1
23120228374,2.000000000e+00,2.044000000e+03,0.000000000e+00,0.000000000e+00,2.948900000e+04,0.000000000e+00,0.000000000e+00,0.000000000e+00,143.00,1
23120293904,2.000000000e+00,2.044000000e+03,0.000000000e+00,0.000000000e+00,2.948900000e+04,0.000000000e+00,0.000000000e+00,0.000000000e+00,144.00,1
23120359440,2.000000000e+00,2.044000000e+03,0.000000000e+00,0.000000000e+00,2.948900000e+04,0.000000000e+00,0.000000000e+00,0.000000000e+00,145.00,1
23120424977,2.000000000e+00,2.044000000e+03,0.000000000e+00,0.000000000e+00,2.948900000e+04,0.000000000e+00,0.000000000e+00,0.000000000e+00,146.00,1
23120490514,2.000000000e+00,2.044000000e+03,0.000000000e+00,0.000000000e+00,2.948900000e+04,0.000000000e+00,0.000000000e+00,0.000000000e+00,147.00,1
23120556050,2.000000000e+00,2.044000000e+03,0.000000000e+00,0.000000000e+00,2.948900000e+04,0.000000000e+00,0.000000000e+00,0.000000000e+00,148.00,1
23120621596,2.000000000e+00,2.044000000e+03,0.000000000e+00,0.000000000e+00,2.948900000e+04,0.000000000e+00,0.000000000e+00,0.000000000e+00,149.00,1
23120687119,2.000000000e+00,2.044000000e+03,0.000000000e+00,0.000000000e+00,2.948900000e+04,0.000000000e+00,0.000000000e+00,0.000000000e+00,150.00,1
23120752658,2.000000000e+00,2.044000000e+03,0.000000000e+00,0.000000000e+00,2.948900000e+04,0.000000000e+00,0.000000000e+00,0.000000000e+00,151.00,1
23120818194,2.000000000e+00,2.044000000e+03,0.000000000e+00,0.000000000e+00,2.948900000e+04,0.000000000e+00,0.000000000e+00,0.000000000e+00,152.00,1
23120883730,2.000000000e+00,2.044000000e+03,0.000000000e+00,0.000000000e+00,2.948900000e+04,0.000000000e+00,0.000000000e+00,0.000000000e+00,153.00,1
23120949264,2.000000000e+00,2.044000000e+03,0.000000000e+00,0.000000000e+00,2.948900000e+04,0.000000000e+00,0.000000000e+00,0.000000000e+00,154.00,1
23121014802,2.000000000e+00,2.044000000e+03,0.000000000e+00,0.000000000e+00,2.948900000e+04,0.000000000e+00,0.000000000e+00,0.000000000e+00,155.00,1
23121080418,2.000000000e+00,2.044000000e+03,0.000000000e+00,0.000000000e+00,2.948900000e+04,0.000000000e+00,0.000000000e+00,0.000000000e+00,156.00,1
23121146033,2.000000000e+00,2.044000000e+03,0.000000000e+00,0.000000000e+00,2.948900000e+04,0.000000000e+00,0.000000000e+00,0.000000000e+00,157.00,1
23121211665,2.000000000e+00,2.044000000e+03,0.000000000e+00,0.000000000e+00,2.948900000e+04,0.000000000e+00,0.000000000e+00,0.000000000e+00,158.00,1
23121277202,2.000000000e+00,2.044000000e+03,0.000000000e+00,0.000000000e+00,2.948900000e+04,0.000000000e+00,0.000000000e+00,0.000000000e+00,159.00,1
23121342738,2.000000000e+00,2.044000000e+03,0.000000000e+00,0.000000000e+00,2.948900000e+04,0.000000000e+00,0.000000000e+00,0.000000000e+00,160.00,1
23121408273,2.000000000e+00,2.044000000e+03,0.000000000e+00,0.000000000e+00,2.948900000e+04,0.000000000e+00,0.000000000e+00,0.000000000e+00,161.00,1
23121473808,2.000000000e+00,2.044000000e+03,0.000000000e+00,0.000000000e+00,2.948900000e+04,0.000000000e+00,0.000000000e+00,0.000000000e+00,162.00,1
23121539377,2.000000000e+00,2.044000000e+03,0.000000000e+00,0.000000000e+00,2.948900000e+04,0.000000000e+00,0.000000000e+00,0.000000000e+00,163.00,1
23121604882,2.000000000e+00,2.044000000e+03,0.000000000e+00,0.000000000e+00,2.948900000e+04,0.000000000e+00,0.000000000e+00,0.000000000e+00,164.00,1
23121670417,2.000000000e+00,2.044000000e+03,0.000000000e+00,0.000000000e+00,2.948900000e+04,0.000000000e+00,0.000000000e+00,0.000000000e+00,165.00,1
23121735954,2.000000000e+00,2.044000000e+03,0.000000000e+00,0.000000000e+00,2.948900000e+04,0.000000000e+00,0.000000000e+00,0.000000000e+00,166.00,1
23121801554,2.000000000e+00,2.044000000e+03,0.000000000e+00,0.000000000e+00,2.948900000e+04,0.000000000e+00,0.000000000e+00,0.000000000e+00,167.00,1
23121867089,2.000000000e+00,2.044000000e+03,0.000000000e+00,0.000000000e+00,2.948900000e+04,0.000000000e+00,0.000000000e+00,0.000000000e+00,168.00,1
23121932805,2.000000000e+00,2.044000000e+03,0.000000000e+00,0.000000000e+00,2.948900000e+04,0.000000000e+00,0.000000000e+00,0.000000000e+00,169.00,1
23121998481,2.000000000e+00,2.044000000e+03,0.000000000e+00,0.000000000e+00,2.948900000e+04,0.000000000e+00,0.000000000e+00,0.000000000e+00,170.00,1
23122064015,2.000000000e+00,2.044000000e+03,0.000000000e+00,0.000000000e+00,2.948900000e+04,0.000000000e+00,0.000000000e+00,0.000000000e+00,171.00,1
23122129552,2.000000000e+00,2.044000000e+03,0.000000000e+00,0.000000000e+00,2.948900000e+04,0.000000000e+00,0.000000000e+00,0.000000000e+00,172.00,1
23122195090,2.000000000e+00,2.044000000e+03,0.000000000e+00,0.000000000e+00,2.948900000e+04,0.000000000e+00,0.000000000e+00,0.000000000e+00,173.00,1
23122260624,2.000000000e+00,2.044000000e+03,0.000000000e+00,0.000000000e+00,2.948900000e+04,0.000000000e+00,0.000000000e+00,0.000000000e+00,174.00,1
23122326162,2.000000000e+00,2.044000000e+03,0.000000000e+00,0.000000000e+00,2.948900000e+04,0.000000000e+00,0.000000000e+00,0.000000000e+00,175.00,1
23122391698,2.000000000e+00,2.044000000e+03,0.000000000e+00,0.000000000e+00,2.948900000e+04,0.000000000e+00,0.000000000e+00,0.000000000e+00,176.00,1
23122457261,2.000000000e+00,2.044000000e+03,0.000000000e+00,0.000000000e+00,2.948900000e+04,0.000000000e+00,0.000000000e+00,0.000000000e+00,177.00,1
23122522769,2.000000000e+00,2.044000000e+03,0.000000000e+00,0.000000000e+00,2.948900000e+04,0.000000000e+00,0.000000000e+00,0.000000000e+00,178.00,1
23122588305,2.000000000e+00,2.044000000e+03,0.000000000e+00,0.000000000e+00,2.948900000e+04,0.000000000e+00,0.000000000e+00,0.000000000e+00,179.00,1
23122653840,2.000000000e+00,2.044000000e+03,0.000000000e+00,0.000000000e+00,2.948900000e+04,0.000000000e+00,0.000000000e+00,0.000000000e+00,180.00,1
23122719506,2.000000000e+00,2.044000000e+03,0.000000000e+00,0.000000000e+00,2.948900000e+04,0.000000000e+00,0.000000000e+00,0.000000000e+00,181.00,1
23122785042,2.000000000e+00,2.044000000e+03,0.000000000e+00,0.000000000e+00,2.948900000e+04,0.000000000e+00,0.000000000e+00,0.000000000e+00,182.00,1
23122850578,2.000000000e+00,2.044000000e+03,0.000000000e+00,0.000000000e+00,2.948900000e+04,0.000000000e+00,0.000000000e+00,0.000000000e+00,183.00,1
23122916178,2.000000000e+00,2.044000000e+03,0.000000000e+00,0.000000000e+00,2.948900000e+04,0.000000000e+00,0.000000000e+00,0.000000000e+00,184.00,1
23122981727,2.000000000e+00,2.044000000e+03,0.000000000e+00,0.000000000e+00,2.948900000e+04,0.000000000e+00,0.000000000e+00,0.000000000e+00,185.00,1
23123047250,2.000000000e+00,2.044000000e+03,0.000000000e+00,0.000000000e+00,2.948900000e+04,0.000000000e+00,0.000000000e+00,0.000000000e+00,186.00,1
23123112784,2.000000000e+00,2.044000000e+03,0.000000000e+00,0.000000000e+00,2.948900000e+04,0.000000000e+00,0.000000000e+00,0.000000000e+00,187.00,1
23123178385,2.000000000e+00,2.044000000e+03,0.000000000e+00,0.000000000e+00,2.948900000e+04,0.000000000e+00,0.000000000e+00,0.000000000e+00,188.00,1
23123243920,2.000000000e+00,2.044000000e+03,0.000000000e+00,0.000000000e+00,2.948900000e+04,0.000000000e+00,0.000000000e+00,0.000000000e+00,189.00,1
23123309457,2.000000000e+00,2.044000000e+03,0.000000000e+00,0.000000000e+00,2.948900000e+04,0.000000000e+00,0.000000000e+00,0.000000000e+00,190.00,1
23123375208,2.000000000e+00,2.044000000e+03,0.000000000e+00,0.000000000e+00,2.948900000e+04,0.000000000e+00,0.000000000e+00,0.000000000e+00,191.00,1
23123440722,2.000000000e+00,2.044000000e+03,0.000000000e+00,0.000000000e+00,2.948900000e+04,0.000000000e+00,0.000000000e+00,0.000000000e+00,192.00,1
23123506258,2.000000000e+00,2.044000000e+03,0.000000000e+00,0.000000000e+00,2.948900000e+04,0.000000000e+00,0.000000000e+00,0.000000000e+00,193.00,1
23123571793,2.000000000e+00,2.044000000e+03,0.000000000e+00,0.000000000e+00,2.948900000e+04,0.000000000e+00,0.000000000e+00,0.000000000e+00,194.00,1
23123637329,2.000000000e+00,2.044000000e+03,0.000000000e+00,0.000000000e+00,2.948900000e+04,0.000000000e+00,0.000000000e+00,0.000000000e+00,195.00,1
23123702865,2.000000000e+00,2.044000000e+03,0.000000000e+00,0.000000000e+00,2.948900000e+04,0.000000000e+00,0.000000000e+00,0.000000000e+00,196.00,1
23123768405,2.000000000e+00,2.044000000e+03,0.000000000e+00,0.000000000e+00,2.948900000e+04,0.000000000e+00,0.000000000e+00,0.000000000e+00,197.00,1
23123834023,2.000000000e+00,2.044000000e+03,0.000000000e+00,0.000000000e+00,2.948900000e+04,0.000000000e+00,0.000000000e+00,0.000000000e+00,198.00,1
23123899536,2.000000000e+00,2.044000000e+03,0.000000000e+00,0.000000000e+00,2.948900000e+04,0.000000000e+00,0.000000000e+00,0.000000000e+00,199.00,1
23123965073,2.000000000e+00,2.044000000e+03,0.000000000e+00,0.000000000e+00,2.948900000e+04,0.000000000e+00,0.000000000e+00,0.000000000e+00,200.00,1
23124030608,2.000000000e+00,2.044000000e+03,0.000000000e+00,0.000000000e+00,2.948900000e+04,0.000000000e+00,0.000000000e+00,0.000000000e+00,201.00,1
23124096271,2.000000000e+00,2.044000000e+03,0.000000000e+00,0.000000000e+00,2.948900000e+04,0.000000000e+00,0.000000000e+00,0.000000000e+00,202.00,1
23124161810,2.000000000e+00,2.044000000e+03,0.000000000e+00,0.000000000e+00,2.948900000e+04,0.000000000e+00,0.000000000e+00,0.000000000e+00,203.00,1
23124227344,2.000000000e+00,2.044000000e+03,0.000000000e+00,0.000000000e+00,2.948900000e+04,0.000000000e+00,0.000000000e+00,0.000000000e+00,204.00,1
23124292966,2.000000000e+00,2.044000000e+03,0.000000000e+00,0.000000000e+00,2.948900000e+04,0.000000000e+00,0.000000000e+00,0.000000000e+00,205.00,1
23124358482,2.000000000e+00,2.044000000e+03,0.000000000e+00,0.000000000e+00,2.948900000e+04,0.000000000e+00,0.000000000e+00,0.000000000e+00,206.00,1
23124424081,2.000000000e+00,2.044000000e+03,0.000000000e+00,0.000000000e+00,2.948900000e+04,0.000000000e+00,0.000000000e+00,0.000000000e+00,207.00,1
23124489616,2.000000000e+00,2.044000000e+03,0.000000000e+00,0.000000000e+00,2.948900000e+04,0.000000000e+00,0.000000000e+00,0.000000000e+00,208.00,1
23124555153,2.000000000e+00,2.044000000e+03,0.000000000e+00,0.000000000e+00,2.948900000e+04,0.000000000e+00,0.000000000e+00,0.000000000e+00,209.00,1
23124620740,2.000000000e+00,2.044000000e+03,0.000000000e+00,0.000000000e+00,2.948900000e+04,0.000000000e+00,0.000000000e+00,0.000000000e+00,210.00,1
23124686290,2.000000000e+00,2.044000000e+03,0.000000000e+00,0.000000000e+00,2.948900000e+04,0.000000000e+00,0.000000000e+00,0.000000000e+00,211.00,1
23124751855,2.000000000e+00,2.044000000e+03,0.000000000e+00,0.000000000e+00,2.948900000e+04,0.000000000e+00,0.000000000e+00,0.000000000e+00,212.00,1
23124817362,2.000000000e+00,2.044000000e+03,0.000000000e+00,0.000000000e+00,2.948900000e+04,0.000000000e+00,0.000000000e+00,0.000000000e+00,213.00,1
23124882904,2.000000000e+00,2.044000000e+03,0.000000000e+00,0.000000000e+00,2.948900000e+04,0.000000000e+00,0.000000000e+00,0.000000000e+00,214.00,1
23124948438,2.000000000e+00,2.044000000e+03,0.000000000e+00,0.000000000e+00,2.948900000e+04,0.000000000e+00,0.000000000e+00,0.000000000e+00,215.00,1
23125014034,2.000000000e+00,2.044000000e+03,0.000000000e+00,0.000000000e+00,2.948900000e+04,0.000000000e+00,0.000000000e+00,0.000000000e+00,216.00,1
23125079568,2.000000000e+00,2.044000000e+03,0.000000000e+00,0.000000000e+00,2.948900000e+04,0.000000000e+00,0.000000000e+00,0.000000000e+00,217.00,1
23125145106,2.000000000e+00,2.044000000e+03,0.000000000e+00,0.000000000e+00,2.948900000e+04,0.000000000e+00,0.000000000e+00,0.000000000e+00,218.00,1
23125210763,2.000000000e+00,2.044000000e+03,0.000000000e+00,0.000000000e+00,2.948900000e+04,0.000000000e+00,0.000000000e+00,0.000000000e+00,219.00,1
23125276306,2.000000000e+00,2.044000000e+03,0.000000000e+00,0.000000000e+00,2.948900000e+04,0.000000000e+00,0.000000000e+00,0.000000000e+00,220.00,1
23125341840,2.000000000e+00,2.044000000e+03,0.000000000e+00,0.000000000e+00,2.948900000e+04,0.000000000e+00,0.000000000e+00,0.000000000e+00,221.00,1
23125407376,2.000000000e+00,2.044000000e+03,0.000000000e+00,0.000000000e+00,2.948900000e+04,0.000000000e+00,0.000000000e+00,0.000000000e+00,222.00,1
23125472911,2.000000000e+00,2.044000000e+03,0.000000000e+00,0.000000000e+00,2.948900000e+04,0.000000000e+00,0.000000000e+00,0.000000000e+00,223.00,1
23125538450,2.000000000e+00,2.044000000e+03,0.000000000e+00,0.000000000e+00,2.948900000e+04,0.000000000e+00,0.000000000e+00,0.000000000e+00,224.00,1
23125603985,2.000000000e+00,2.044000000e+03,0.000000000e+00,0.000000000e+00,2.948900000e+04,0.000000000e+00,0.000000000e+00,0.000000000e+00,225.00,1
23125669522,2.000000000e+00,2.044000000e+03,0.000000000e+00,0.000000000e+00,2.948900000e+04,0.000000000e+00,0.000000000e+00,0.000000000e+00,226.00,1
23125735058,2.000000000e+00,2.044000000e+03,0.000000000e+00,0.000000000e+00,2.948900000e+04,0.000000000e+00,0.000000000e+00,0.000000000e+00,227.00,1
23125800602,2.000000000e+00,2.044000000e+03,0.000000000e+00,0.000000000e+00,2.948900000e+04,0.000000000e+00,0.000000000e+00,0.000000000e+00,228.00,1
23125866129,2.000000000e+00,2.044000000e+03,0.000000000e+00,0.000000000e+00,2.948900000e+04,0.000000000e+00,0.000000000e+00,0.000000000e+00,229.00,1
23125931664,2.000000000e+00,2.044000000e+03,0.000000000e+00,0.000000000e+00,2.948900000e+04,0.000000000e+00,0.000000000e+00,0.000000000e+00,230.00,1
23125997201,2.000000000e+00,2.044000000e+03,0.000000000e+00,0.000000000e+00,2.948900000e+04,0.000000000e+00,0.000000000e+00,0.000000000e+00,231.00,1
23126062736,2.000000000e+00,2.044000000e+03,0.000000000e+00,0.000000000e+00,2.948900000e+04,0.000000000e+00,0.000000000e+00,0.000000000e+00,232.00,1
23126128272,2.000000000e+00,2.044000000e+03,0.000000000e+00,0.000000000e+00,2.948900000e+04,0.000000000e+00,0.000000000e+00,0.000000000e+00,233.00,1
23126193809,2.000000000e+00,2.044000000e+03,0.000000000e+00,0.000000000e+00,2.948900000e+04,0.000000000e+00,0.000000000e+00,0.000000000e+00,234.00,1
23126259361,2.000000000e+00,2.044000000e+03,0.000000000e+00,0.000000000e+00,2.948900000e+04,0.000000000e+00,0.000000000e+00,0.000000000e+00,235.00,1
23126324882,2.000000000e+00,2.044000000e+03,0.000000000e+00,0.000000000e+00,2.948900000e+04,0.000000000e+00,0.000000000e+00,0.000000000e+00,236.00,1
23126390417,2.000000000e+00,2.044000000e+03,0.000000000e+00,0.000000000e+00,2.948900000e+04,0.000000000e+00,0.000000000e+00,0.000000000e+00,237.00,1
23126455954,2.000000000e+00,2.044000000e+03,0.000000000e+00,0.000000000e+00,2.948900000e+04,0.000000000e+00,0.000000000e+00,0.000000000e+00,238.00,1
23126521489,2.000000000e+00,2.044000000e+03,0.000000000e+00,0.000000000e+00,2.948900000e+04,0.000000000e+00,0.000000000e+00,0.000000000e+00,239.00,1
23126587026,2.000000000e+00,2.044000000e+03,0.000000000e+00,0.000000000e+00,2.948900000e+04,0.000000000e+00,0.000000000e+00,0.000000000e+00,240.00,1
23126652561,2.000000000e+00,2.044000000e+03,0.000000000e+00,0.000000000e+00,2.948900000e+04,0.000000000e+00,0.000000000e+00,0.000000000e+00,241.00,1
23126718161,2.000000000e+00,2.044000000e+03,0.000000000e+00,0.000000000e+00,2.948900000e+04,0.000000000e+00,0.000000000e+00,0.000000000e+00,242.00,1
23126783698,2.000000000e+00,2.044000000e+03,0.000000000e+00,0.000000000e+00,2.948900000e+04,0.000000000e+00,0.000000000e+00,0.000000000e+00,243.00,1
23126849234,2.000000000e+00,2.044000000e+03,0.000000000e+00,0.000000000e+00,2.948900000e+04,0.000000000e+00,0.000000000e+00,0.000000000e+00,244.00,1
23126914768,2.000000000e+00,2.044000000e+03,0.000000000e+00,0.000000000e+00,2.948900000e+04,0.000000000e+00,0.000000000e+00,0.000000000e+00,245.00,1
23126980446,2.000000000e+00,2.044000000e+03,0.000000000e+00,0.000000000e+00,2.948900000e+04,0.000000000e+00,0.000000000e+00,0.000000000e+00,246.00,1
23127045970,2.000000000e+00,2.044000000e+03,0.000000000e+00,0.000000000e+00,2.948900000e+04,0.000000000e+00,0.000000000e+00,0.000000000e+00,247.00,1
23127111506,2.000000000e+00,2.044000000e+03,0.000000000e+00,0.000000000e+00,2.948900000e+04,0.000000000e+00,0.000000000e+00,0.000000000e+00,248.00,1
23127177052,2.000000000e+00,2.044000000e+03,0.000000000e+00,0.000000000e+00,2.948900000e+04,0.000000000e+00,0.000000000e+00,0.000000000e+00,249.00,1
23127242578,2.000000000e+00,2.044000000e+03,0.000000000e+00,0.000000000e+00,2.948900000e+04,0.000000000e+00,0.000000000e+00,0.000000000e+00,250.00,1
23127308156,2.000000000e+00,2.044000000e+03,0.000000000e+00,0.000000000e+00,2.948900000e+04,0.000000000e+00,0.000000000e+00,0.000000000e+00,251.00,1
23127373649,2.000000000e+00,2.044000000e+03,0.000000000e+00,0.000000000e+00,2.948900000e+04,0.000000000e+00,0.000000000e+00,0.000000000e+00,252.00,1
23127439186,2.000000000e+00,2.044000000e+03,0.000000000e+00,0.000000000e+00,2.948900000e+04,0.000000000e+00,0.000000000e+00,0.000000000e+00,253.00,1
23127504722,2.000000000e+00,2.044000000e+03,0.000000000e+00,0.000000000e+00,2.948900000e+04,0.000000000e+00,0.000000000e+00,0.000000000e+00,254.00,1
23127570258,2.000000000e+00,2.044000000e+03,0.000000000e+00,0.000000000e+00,2.948900000e+04,0.000000000e+00,0.000000000e+00,0.000000000e+00,255.00,1
23127635838,2.000000000e+00,2.044000000e+03,0.000000000e+00,0.000000000e+00,2.948900000e+04,0.000000000e+00,0.000000000e+00,0.000000000e+00,256.00,1
23127701328,2.000000000e+00,2.044000000e+03,0.000000000e+00,0.000000000e+00,2.948900000e+04,0.000000000e+00,0.000000000e+00,0.000000000e+00,257.00,1
23127766872,2.000000000e+00,2.044000000e+03,0.000000000e+00,0.000000000e+00,2.948900000e+04,0.000000000e+00,0.000000000e+00,0.000000000e+00,258.00,1
23127832400,2.000000000e+00,2.044000000e+03,0.000000000e+00,0.000000000e+00,2.948900000e+04,0.000000000e+00,0.000000000e+00,0.000000000e+00,259.00,1
23127898130,2.000000000e+00,2.044000000e+03,0.000000000e+00,0.000000000e+00,2.948900000e+04,0.000000000e+00,0.000000000e+00,0.000000000e+00,260.00,1
23127963665,2.000000000e+00,2.044000000e+03,0.000000000e+00,0.000000000e+00,2.948900000e+04,0.000000000e+00,0.000000000e+00,0.000000000e+00,261.00,1
23128029201,2.000000000e+00,2.044000000e+03,0.000000000e+00,0.000000000e+00,2.948900000e+04,0.000000000e+00,0.000000000e+00,0.000000000e+00,262.00,1
23128094751,2.000000000e+00,2.044000000e+03,0.000000000e+00,0.000000000e+00,2.948900000e+04,0.000000000e+00,0.000000000e+00,0.000000000e+00,263.00,1
23128160292,2.000000000e+00,2.044000000e+03,0.000000000e+00,0.000000000e+00,2.948900000e+04,0.000000000e+00,0.000000000e+00,0.000000000e+00,264.00,1
23128225897,2.000000000e+00,2.044000000e+03,0.000000000e+00,0.000000000e+00,2.948900000e+04,0.000000000e+00,0.000000000e+00,0.000000000e+00,265.00,1
23128291408,2.000000000e+00,2.044000000e+03,0.000000000e+00,0.000000000e+00,2.948900000e+04,0.000000000e+00,0.000000000e+00,0.000000000e+00,266.00,1
23128357009,2.000000000e+00,2.044000000e+03,0.000000000e+00,0.000000000e+00,2.948900000e+04,0.000000000e+00,0.000000000e+00,0.000000000e+00,267.00,1
23128422544,2.000000000e+00,2.044000000e+03,0.000000000e+00,0.000000000e+00,2.948900000e+04,0.000000000e+00,0.000000000e+00,0.000000000e+00,268.00,1
23128488080,2.000000000e+00,2.044000000e+03,0.000000000e+00,0.000000000e+00,2.948900000e+04,0.000000000e+00,0.000000000e+00,0.000000000e+00,269.00,1
23128553617,2.000000000e+00,2.044000000e+03,0.000000000e+00,0.000000000e+00,2.948900000e+04,0.000000000e+00,0.000000000e+00,0.000000000e+00,270.00,1
23128619152,2.000000000e+00,2.044000000e+03,0.000000000e+00,0.000000000e+00,2.948900000e+04,0.000000000e+00,0.000000000e+00,0.000000000e+00,271.00,1
23128684690,2.000000000e+00,2.044000000e+03,0.000000000e+00,0.000000000e+00,2.948900000e+04,0.000000000e+00,0.000000000e+00,0.000000000e+00,272.00,1
23128750226,2.000000000e+00,2.044000000e+03,0.000000000e+00,0.000000000e+00,2.948900000e+04,0.000000000e+00,0.000000000e+00,0.000000000e+00,273.00,1
23128815826,2.000000000e+00,2.044000000e+03,0.000000000e+00,0.000000000e+00,2.948900000e+04,0.000000000e+00,0.000000000e+00,0.000000000e+00,274.00,1
23128881362,2.000000000e+00,2.044000000e+03,0.000000000e+00,0.000000000e+00,2.948900000e+04,0.000000000e+00,0.000000000e+00,0.000000000e+00,275.00,1
23128946898,2.000000000e+00,2.044000000e+03,0.000000000e+00,0.000000000e+00,2.948900000e+04,0.000000000e+00,0.000000000e+00,0.000000000e+00,276.00,1
23129012594,2.000000000e+00,2.044000000e+03,0.000000000e+00,0.000000000e+00,2.948900000e+04,0.000000000e+00,0.000000000e+00,0.000000000e+00,277.00,1
23129078096,2.000000000e+00,2.044000000e+03,0.000000000e+00,0.000000000e+00,2.948900000e+04,0.000000000e+00,0.000000000e+00,0.000000000e+00,278.00,1
23129143633,2.000000000e+00,2.044000000e+03,0.000000000e+00,0.000000000e+00,2.948900000e+04,0.000000000e+00,0.000000000e+00,0.000000000e+00,279.00,1
23129209169,2.000000000e+00,2.044000000e+03,0.000000000e+00,0.000000000e+00,2.948900000e+04,0.000000000e+00,0.000000000e+00,0.000000000e+00,280.00,1
23129274705,2.000000000e+00,2.044000000e+03,0.000000000e+00,0.000000000e+00,2.948900000e+04,0.000000000e+00,0.000000000e+00,0.000000000e+00,281.00,1
23129340240,2.000000000e+00,2.044000000e+03,0.000000000e+00,0.000000000e+00,2.948900000e+04,0.000000000e+00,0.000000000e+00,0.000000000e+00,282.00,1
23129405777,2.000000000e+00,2.044000000e+03,0.000000000e+00,0.000000000e+00,2.948900000e+04,0.000000000e+00,0.000000000e+00,0.000000000e+00,283.00,1
23129471529,2.000000000e+00,2.044000000e+03,0.000000000e+00,0.000000000e+00,2.948900000e+04,0.000000000e+00,0.000000000e+00,0.000000000e+00,284.00,1
23129537042,2.000000000e+00,2.044000000e+03,0.000000000e+00,0.000000000e+00,2.948900000e+04,0.000000000e+00,0.000000000e+00,0.000000000e+00,285.00,1
23129602577,2.000000000e+00,2.044000000e+03,0.000000000e+00,0.000000000e+00,2.948900000e+04,0.000000000e+00,0.000000000e+00,0.000000000e+00,286.00,1
23129668112,2.000000000e+00,2.044000000e+03,0.000000000e+00,0.000000000e+00,2.948900000e+04,0.000000000e+00,0.000000000e+00,0.000000000e+00,287.00,1
23129733644,2.000000000e+00,2.044000000e+03,0.000000000e+00,0.000000000e+00,2.948900000e+04,0.000000000e+00,0.000000000e+00,0.000000000e+00,288.00,1
23129799181,2.000000000e+00,2.044000000e+03,0.000000000e+00,0.000000000e+00,2.948900000e+04,0.000000000e+00,0.000000000e+00,0.000000000e+00,289.00,1
